{
    "internalName": "prototype.uzi",
    "displayName": "Mini-Uzi",
    "weaponType": "smg",
    "customFlashTexture": "prototype.flash",
    "gunDamage": 8,
    "gunDamageHeadshotBonus": 2,
    "roundsPerMin": 575,
    "allowEmptyMagazines": true,
    "recoilPitch": 2,
    "recoilYaw": 1.5,
    "randomRecoilPitch": 0.8,
    "randomRecoilYaw": 0.8,
    "bulletSpread": 2,
    "armPose": "ITEM",
    "armPoseAiming": "BOW_AND_ARROW",
    "accuracySneakFactor": 0.5,
    "moveSpeedModifier": 1,
    "allowSprintFiring": true,
    "fireModes": [
        "full",
        "semi"
    ],
    "acceptedAmmo": [
        "prototype.uziammo"
    ],
    "dropBulletCasing": true,
    "shellEjectOffsetNormal": {
        "x": -1,
        "y": 0,
        "z": 1
    },
    "shellEjectOffsetAiming": {
        "x": -0.2,
        "y": 0.12,
        "z": 0.5
    },
    "weaponSoundMap": {
        "weaponFire": [
            {
                "soundEvent": "weaponFire",
                "soundName": "prototype.uzi.shoot",
                "soundNameDistant": "prototype.uzi.distant",
                "soundRange": 64,
                "soundMaxRange": 96,
                "soundFadeMultiplier": 1
            }
        ],
        "weaponUnload": [
            {
                "soundEvent": "weaponReload",
                "soundName": "prototype.generic.reload"
            }
        ],
        "weaponFireSuppressed": [
            {
                "soundEvent": "weaponFireSuppressed",
                "soundName": "prototype.ak74u.shoot.sup",
                "soundRange": 30,
                "soundMaxRange": 50,
                "soundFadeMultiplier": 1
            }
        ]
    },
    "modelSkins": [
        {
            "internalName": "prototype.mp40",
            "skinAsset": "prototype.mp40",
            "displayName": "Default"
        }
    ]
}