{
    "internalName": "prototype.mp40",
    "displayName": "MP40",
    "weaponType": "smg",

    "gunDamage": 8,
    "gunDamageHeadshotBonus": 2,

    "roundsPerMin": 500,

    "allowEmptyMagazines": true,

    "recoilPitch": 3.0,
    "recoilYaw": 1.0,
    "randomRecoilPitch": 0.8,
    "randomRecoilYaw": 0.8,
    "bulletSpread": 1.25,

    "accuracySneakFactor": 0.5,
    "moveSpeedModifier": 1.0,
    "allowSprintFiring": true,

    "dropBulletCasing": true,

    "fireModes": ["full", "semi"],
    "acceptedAmmo": ["prototype.mp40ammo"],

    "shellEjectOffsetNormal": {
        "x": -1.0,
        "y": 0.0,
        "z": 1.0
    },
    "shellEjectOffsetAiming": {
        "x": -0.2,
        "y": 0.12,
        "z": 0.5
    },
    "weaponSoundMap": {
        "weaponFire": [
            {
                "soundEvent": "weaponFire",
                "soundName": "prototype.mp40.shoot",
                "soundNameDistant": "prototype.mp40.shoot.distant",
                "soundRange": 64,
                "soundMaxRange": 96,
                "soundFadeMultiplier": 1
            }
        ],
        "weaponUnload": [
            {
                "soundEvent": "weaponReload",
                "soundName": "prototype.generic.reload"
            }
        ],
        "weaponFireSuppressed": [
            {
                "soundEvent": "weaponFireSuppressed",
                "soundName": "prototype.ak74u.shoot.sup",
                "soundRange": 30,
                "soundMaxRange": 30,
                "soundFadeMultiplier": 1
            }
        ]
    },
    "modelSkins": [
        {
            "internalName": "prototype.mp40",
            "skinAsset": "prototype.mp40",
            "displayName": "Default"
        }
    ]
}