{
	"modelFileName": "deagle.glb",
	"animations": {
		"default": [
			{
				"startTime": 750,
				"endTime": 751,
				"speed": 0.015
			}
		],
		"draw": [
			{
				"startTime": 1,
				"endTime": 13,
				"speed": 0.048
			},
			{
				"startTime": 1,
				"endTime": 13,
				"speed": 0.048
			}
		],
		"aim": [
			{
				"speed": 0.007
			}
		],
		"preFire": [
			{
				"startTime": 20,
				"endTime": 24,
				"speed": 1
			}
		],
		"fire": [
			{
				"startTime": 24,
				"endTime": 25,
				"speed": 0.15
			}
		],
		"postFire": [
			{
				"startTime": 25,
				"endTime": 34,
				"speed": 0.06
			}
		],
		"preReload": [
			{
				"startTime": 50,
				"endTime": 60,
				"speed": 0.048
			}
		],
		"reloadFirst": [
			{
				"startTime": 60,
				"endTime": 80,
				"speed": 0.048
			}
		],
		"reloadSecond": [
			{
				"startTime": 80,
				"endTime": 96,
				"speed": 0.048
			}
		],
		"postReload": [
			{
				"startTime": 96,
				"endTime": 122,
				"speed": 0.048
			}
		],
		"preLoad": [
			{
				"startTime": 140,
				"endTime": 180,
				"speed": 0.048
			}
		],
		"load": [
			{
				"startTime": 180,
				"endTime": 205,
				"speed": 0.048
			}
		],
		"preUnload": [
			{
				"startTime": 230,
				"endTime": 245,
				"speed": 0.048
			}
		],
		"unload": [
			{
				"startTime": 245,
				"endTime": 274,
				"speed": 0.048
			}
		],
		"inspect": [
			{
				"startTime": 290,
				"endTime": 516,
				"speed": 0.035
			}
		]
	},
	"sprint": {
		"basicSprint": true,
		"sprintRotate": {
			"x": 0,
			"y": 0,
			"z": 50
		},
		"sprintTranslate": {
			"x": -5,
			"y": -5,
			"z": 3
		}
	},
	"thirdPerson": {
		"thirdPersonOffset": {
			"x": 0.06,
			"y": -0.1,
			"z": 0
		},
		"backPersonOffset": {
			"x": 0.1,
			"y": -0.1,
			"z": 0.1
		},
		"thirdPersonScale": 0.8
	},
	"aim": {
		"rotateHipPosition": {
			"x": -5,
			"y": 0,
			"z": 0
		},
		"translateHipPosition": {
			"x": 10,
			"y": -1.5,
			"z": 1
		},
		"rotateAimPosition": {
			"x": 5,
			"y": 0,
			"z": 0
		},
		"translateAimPosition": {
			"x": -3,
			"y": 1.5,
			"z": -1
		}
	},
	"attachmentGroup": {
		"barrel": {
			"hidePart": [
				"defaultBarrelModel"
			],
			"translate": {
				"x": 8,
				"y": -0.95,
				"z": 0
			},
			"scale": {
				"x": 1,
				"y": 1,
				"z": 1
			},
			"rotate": {
				"x": 0,
				"y": 0,
				"z": 0
			}
		},
		"sight": {
			"translate": {
				"x": 0,
				"y": 0,
				"z": 0
			},
			"scale": {
				"x": 1,
				"y": 1,
				"z": 1
			},
			"rotate": {
				"x": 0,
				"y": 0,
				"z": 0
			}
		},
		"grip": {
			"translate": {
				"x": 2,
				"y": -1.6,
				"z": 0
			},
			"scale": {
				"x": 1,
				"y": 1,
				"z": 1
			},
			"rotate": {
				"x": 0,
				"y": 0,
				"z": 0
			}
		},
		"flashlight": {
			"translate": {
				"x": 3,
				"y": 0,
				"z": 0
			},
			"scale": {
				"x": 1,
				"y": 1,
				"z": 1
			},
			"rotate": {
				"x": 0,
				"y": 0,
				"z": 0
			}
		},
		"charm": {
			"translate": {
				"x": -2.2,
				"y": -1.2,
				"z": -0.42
			},
			"scale": {
				"x": 1,
				"y": 1,
				"z": 1
			},
			"rotate": {
				"x": 0,
				"y": 0,
				"z": 0
			}
		},
		"ammo": {
			"translate": {
				"x": 0,
				"y": 0,
				"z": 0
			},
			"scale": {
				"x": 1,
				"y": 1,
				"z": 1
			},
			"rotate": {
				"x": 0,
				"y": 0,
				"z": 0
			}
		},
		"bullet": {
			"translate": {
				"x": -0.7,
				"y": 0,
				"z": 0
			},
			"scale": {
				"x": 1,
				"y": 1,
				"z": 1
			},
			"rotate": {
				"x": 0,
				"y": 0,
				"z": 0
			}
		},
		"stock": {
			"translate": {
				"x": 0,
				"y": 0,
				"z": 0
			},
			"scale": {
				"x": 1,
				"y": 1,
				"z": 1
			},
			"rotate": {
				"x": 0,
				"y": 0,
				"z": 0
			}
		}
	},
	"attachment": {
		"tcp.sight_reddot": {
			"binding": "slideModel",
			"hidePart": [
				"attachmentModel"
			],
			"sightAimPosOffset": {
				"x": 0,
				"y": -0.4,
				"z": 0
			},
			"sightAimRotOffset": {
				"x": 0,
				"y": 0,
				"z": 0
			},
			"translate": {
				"x": -1.7,
				"y": 0,
				"z": 0
			},
			"scale": {
				"x": 0.7,
				"y": 0.7,
				"z": 0.7
			},
			"rotate": {
				"x": 0,
				"y": 0,
				"z": 0
			}
		}
	},
	"defaultHidePart": [
		"ammoModel_2"
	],
	"attachments": {},
	"global": {
		"globalTranslate": {
			"x": 0,
			"y": 0,
			"z": 0
		},
		"globalScale": {
			"x": 0.05,
			"y": 0.05,
			"z": 0.05
		},
		"globalRotate": {
			"x": 0,
			"y": 0,
			"z": 0
		}
	},
	"extra": {
		"translateAll": {
			"x": 0,
			"y": 0,
			"z": 0
		},
		"modelScale": 1.2,
		"gunOffsetScoping": 0,
		"crouchZoom": -0.035,
		"adsSpeed": 0.02,
		"modelRecoilBackwards": 0.5,
		"modelRecoilUpwards": 2.3,
		"modelRecoilShake": 0.35
	}
}