{
  "modelFileName": "ak74.glb",
  "animations": {
    "default": {
      "startTime": 590,
	  "endTime": 600,
	  "speed": 0.015
    },
    "draw": {
      "startTime": 1,
      "endTime": 30,
	  "speed": 0.048
    },
    "aim": {
	  "speed": 0.007
    },
	"preFire": {
      "startTime": 50,
      "endTime": 56,
	  "speed": 1.0
    },
	"fire": {
      "startTime": 60, 
      "endTime": 61,
	  "speed": 0.15
    },
	"postFire": {
      "startTime": 65, 
      "endTime": 77,
	  "speed": 0.06
    },
    "preReload": {
      "startTime": 80,
      "endTime": 102,
	  "speed": 0.048
    },
	"reloadFirst": {
      "startTime": 102,
      "endTime": 132,
	  "speed": 0.048
    },
	"reloadSecond": {
      "startTime": 132,
      "endTime": 138,
	  "speed": 0.048
    },
	"postReload": {
      "startTime": 138,
      "endTime": 166,
	  "speed": 0.048
    },
	"reloadFirstQuickly": {
      "startTime": 102,
      "endTime": 132,
	  "speed": 0.048
    },
	"reloadSecondQuickly": {
      "startTime": 132,
      "endTime": 138,
	  "speed": 0.04
    },
	"preLoad": {
      "startTime": 180,
      "endTime": 214,
	  "speed": 0.048
    },
	"load": {
      "startTime": 214,
      "endTime": 250,
	  "speed": 0.048
    },
	"preUnload": {
      "startTime": 280,
      "endTime": 296,
	  "speed": 0.048
    },
	"unload": {
      "startTime": 296,
      "endTime": 325,
	  "speed": 0.048
    },
    "inspect": {
      "startTime": 360,
      "endTime": 518,
	  "speed": 0.035
    }
  },
  "sprint": {
	"basicSprint": true,
	"sprintRotate": {
		"x": 0.0,
		"y": 20.0,
		"z": -15.0
	},
	"sprintTranslate": {
		"x": -2.0,
		"y": 1.5,
		"z": 3.0
	}
  },
  "thirdPerson": {
    "thirdPersonOffset": {
      "x": 0.06,
      "y": -0.1,
      "z": 0.0
    },
    "backPersonOffset": {
      "x": 0.1,
      "y": -0.1,
      "z": 0.1
    },
    "thirdPersonScale": 0.8
  },
  "aim": {
    "rotateHipPosition": {
      "x": -5.0,
      "y": 0.0,
      "z": 0.0
    },
    "translateHipPosition": {
      "x": 10.0,
      "y": -1.5,
      "z": 1.0
    },
    "rotateAimPosition": {
      "x": 5.0,
      "y": 0.0,
      "z": 1.0
    },
    "translateAimPosition": {
      "x": -6.0,
      "y": 1.4,
      "z": -1.0
    }
  },
  "attachmentGroup": {
    "barrel": {
	  "hidePart": [
	    "defaultBarrelModel"
	  ],
	  "translate": {
	    "x": 9.6,
	    "y": -1.3,
	    "z": 0.0
	  },
	  "scale": {
	    "x": 1.0,
	    "y": 1.0,
	    "z": 1.0
	  },
	  "rotate": {
	    "x": 0.0,
	    "y": 0.0,
	    "z": 0.0
	  }
	},
	"sight": {
	  "translate": {
	    "x": 0.0,
	    "y": 0.0,
	    "z": 0.0
	  },
	  "scale": {
	    "x": 1.0,
	    "y": 1.0,
	    "z": 1.0
	  },
	  "rotate": {
	    "x": 0.0,
	    "y": 0.0,
	    "z": 0.0
	  }
	},
	"grip": {
	  "translate": {
	    "x": 0.0,
	    "y": 0.0,
	    "z": 0.0
	  },
	  "scale": {
	    "x": 1.0,
	    "y": 1.0,
	    "z": 1.0
	  },
	  "rotate": {
	    "x": 0.0,
	    "y": 0.0,
	    "z": 0.0
	  }
	},
	"flashlight": {
	  "translate": {
	    "x": 4.0,
	    "y": -0.1,
	    "z": 0.0
	  },
	  "scale": {
	    "x": 1.0,
	    "y": 1.0,
	    "z": 1.0
	  },
	  "rotate": {
	    "x": 0.0,
	    "y": 0.0,
	    "z": 0.0
	  }
	},
	"charm": {
	  "translate": {
	    "x": 0.0,
	    "y": 0.0,
	    "z": 0.0
	  },
	  "scale": {
	    "x": 1.0,
	    "y": 1.0,
	    "z": 1.0
	  },
	  "rotate": {
	    "x": 0.0,
	    "y": 0.0,
	    "z": 0.0
	  }
	},
	"ammo": {
	  "translate": {
	    "x": 0.0,
	    "y": 0.0,
	    "z": 0.0
	  },
	  "scale": {
	    "x": 1.0,
	    "y": 1.0,
	    "z": 1.0
	  },
	  "rotate": {
	    "x": 0.0,
	    "y": 0.0,
	    "z": 0.0
	  }
	},
	"bullet": {
	  "translate": {
	    "x": 0.0,
	    "y": 0.0,
	    "z": 0.0
	  },
	  "scale": {
	    "x": 1.0,
	    "y": 1.0,
	    "z": 1.0
	  },
	  "rotate": {
	    "x": 0.0,
	    "y": 0.0,
	    "z": 0.0
	  }
	},
	"stock": {
	  "translate": {
	    "x": 0.0,
	    "y": 0.0,
	    "z": 0.0
	  },
	  "scale": {
	    "x": 1.0,
	    "y": 1.0,
	    "z": 1.0
	  },
	  "rotate": {
	    "x": 0.0,
	    "y": 0.0,
	    "z": 0.0
	  }
	}
  },
  "attachment": {
    "tcp.scope_obzor": {
	  "binding": "gunModel",
	  "hidePart": [],
	  "renderInsideSightModel": true,
	  "renderInsideGunOffset": 10.0,
	  "sightAimPosOffset": {
	    "x": 2.0,
	    "y": -0.41,
	    "z": -0.02
	  },
      "sightAimRotOffset": {
	    "x": 0.0,
	    "y": 0.0,
	    "z": 0.0
	  },
	  "translate": {
	    "x": -3.8,
	    "y": 0.0,
	    "z": 0.0
	  },
	  "scale": {
	    "x": 1.0,
	    "y": 1.0,
	    "z": 1.0
	  },
	  "rotate": {
	    "x": 0.0,
	    "y": 0.0,
	    "z": 0.0
	  }
	},
	"tcp.akfastammo": {
	  "multiMagazineTransform": [
	    {
		  "translate": {
		    "x": 0.0,
	        "y": 0.0,
	        "z": 0.0
		  },
		  "rotate": {
	        "x": 0.0,
	        "y": 0.0,
	        "z": 0.0
	      }
		},
	    {
		  "translate": {
		    "x": 2.5,
	        "y": -6.9,
	        "z": 0.65
		  },
		  "rotate": {
	        "x": 0.0,
	        "y": -180.0,
	        "z": 140.0
	      }
		}
	  ]
	}
  },
  "defaultHidePart": [
    "ammoModel_2"
  ],
  "attachments": {},
  "global": {
    "globalTranslate": {
      "x": 0.0,
	  "y": 0.0,
	  "z": 0.0
    },
    "globalScale": {
      "x": 0.05,
	  "y": 0.05,
	  "z": 0.05
    },
    "globalRotate": {
      "x": 0.0,
	  "y": 0.0,
  	  "z": 0.0
    }
  },
  "extra": {
    "translateAll": {
      "x": 0.0,
      "y": 0.0,
      "z": 0.0
    },
    "modelScale": 1.2,
    "gunOffsetScoping": 0.0,
    "crouchZoom": -0.035,
    "adsSpeed": 0.02,
    "modelRecoilBackwards": 0.5,
    "modelRecoilUpwards": 0.3,
    "modelRecoilShake": 0.35
  }
}