{
    "internalName": "prototype.m14",
    "displayName": "M14",
    "weaponType": "carbine",
    "customFlashTexture": "prototype.advanced.flash",
    "gunDamage": 9,
    "gunDamageHeadshotBonus": 3,
    "roundsPerMin": 350,
    "allowEmptyMagazines": true,
    "recoilPitch": 3,
    "recoilYaw": 0.75,
    "randomRecoilPitch": 0.0,
    "randomRecoilYaw": 0.4,
    "bulletSpread": 1,
    "accuracySneakFactor": 0.5,
    "moveSpeedModifier": 1,
    "allowSprintFiring": true,
    "fireModes": [
        "semi"
    ],
    "acceptedAmmo": [
        "prototype.m14ammo"
    ],
    "dropBulletCasing": true,
    "shellEjectOffsetNormal": {
        "x": -1,
        "y": 0,
        "z": 1
    },
    "shellEjectOffsetAiming": {
        "x": -0.2,
        "y": 0.12,
        "z": 0.5
    },
    "weaponSoundMap": {
        "weaponFire": [
            {
                "soundEvent": "weaponFire",
                "soundName": "prototype.m14.shoot",
                "soundNameDistant": "prototype.m14s.distant",
                "soundRange": 64,
                "soundMaxRange": 96,
                "soundFadeMultiplier": 1
            }
        ],
        "weaponUnload": [
            {
                "soundEvent": "weaponReload",
                "soundName": "prototype.generic.reload"
            }
        ],
        "weaponFireSuppressed": [
            {
                "soundEvent": "weaponFireSuppressed",
                "soundName": "prototype.ak47.shoot.sup",
                "soundRange": 30,
                "soundMaxRange": 50,
                "soundFadeMultiplier": 1
            }
        ]
    },
    "acceptedAttachments": {},
    "modelSkins": [
        {
            "internalName": "prototype.m14",
            "skinAsset": "prototype.m14",
            "displayName": "Default",
            "textures": ["basic"]
        }
    ]
}