{
    "internalName": "prototype.sks",
    "displayName": "SKS",
    "weaponType": "dmr",
    "gunDamage": 10,
    "customFlashTexture": "prototype.advanced.flash",
    "moveSpeedModifier": 1,
    "roundsPerMin": 300,
    "reloadTime": 40,
    "gunDamageHeadshotBonus": 2,
    "fireModes": [
        "semi"
    ],
    "accuracySneakFactor": 0.3,
    "allowEmptyMagazines": true,
    "allowSprintFiring": true,
    "recoilPitch": 1.5,
    "recoilYaw": 0.5,
    "randomRecoilPitch": 0.0,
    "randomRecoilYaw": 0.8,
    "acceptedAttachments": {
        "barrel": [
            "prototype.sr_suppressor"
        ]
    },
    "dropBulletCasing": true,
    "shellEjectOffsetNormal": {
        "x": -1,
        "y": 0,
        "z": 1
    },
    "shellEjectOffsetAiming": {
        "x": -0.2,
        "y": 0.12,
        "z": 0.5
    },
    "modelSkins": [
        {
            "internalName": "prototype.sks",
            "skinAsset": "prototype.sks",
            "displayName": "Default"
        }
    ],
    "acceptedAmmo": [
        "prototype.sksammo"
    ],
    "weaponSoundMap": {
        "weaponFire": [
            {
                "soundEvent": "weaponFire",
                "soundName": "prototype.sks.shoot",
                "soundNameDistant": "prototype.sks.distant",
                "soundRange": 64,
                "soundMaxRange": 96,
                "soundFadeMultiplier": 1
            }
        ],
        "weaponFireSuppressed": [
            {
                "soundEvent": "weaponFireSuppressed",
                "soundName": "prototype.sks.shoot.sup",
                "soundNameDistant": "prototype.sks.sup",
                "soundRange": 20,
                "soundMaxRange": 50,
                "soundFadeMultiplier": 1
            }
        ],
        "weaponReload": [
            {
                "soundEvent": "weaponReload",
                "soundName": "prototype.sks.reload"
            }
        ],
        "weaponBolt": [
            {
                "soundEvent": "weaponBolt",
                "soundName": "prototype.sks.bolt"
            }
        ]
    },
    "modelSkins": [
        {
            "internalName": "prototype.sks",
            "skinAsset": "prototype.sks",
            "displayName": "Default",
            "textures": ["basic"]
        }
    ]
}