{
  "modelFileName": "l115a3.obj",
  "arms": {
    "leftHandAmmo": true,
    "actionArm": "Right",
    "actionType": "Bolt",
    "leftArm": {
      "armScale": {
        "x": 0.7,
        "y": 1.0,
        "z": 0.7
      },
      "armPos": {
        "x": 0.05,
        "y": -0.88,
        "z": 0.1
      },
      "armRot": {
        "x": 65.0,
        "y": 32.0,
        "z": -46.0
      },
      "armReloadPos": {
        "x": -0.3,
        "y": -0.85,
        "z": 0.1
      },
      "armReloadRot": {
        "x": 35.0,
        "y": 0.0,
        "z": -25.0
      }
    },
    "rightArm": {
      "armScale": {
        "x": 0.7,
        "y": 1.0,
        "z": 0.7
      },
      "armPos": {
        "x": 0.2,
        "y": -0.67,
        "z": 0.0
      },
      "armRot": {
        "x": 0.0,
        "y": 0.0,
        "z": -90.0
      },
      "armChargePos": {
        "x": 0.25,
        "y": -0.5,
        "z": 0.14
      },
      "armChargeRot": {
        "x": 0.0,
        "y": 4.95,
        "z": -70.0
      }
    }
  },
  "sprint": {
    "sprintRotate": {
      "x": 10.0,
      "y": 30.0,
      "z": 0.0
    },
    "sprintTranslate": {
      "x": 0.9,
      "y": -0.1,
      "z": -0.7
    }
  },
  "thirdPerson": {
    "thirdPersonOffset": {
      "x": 0.0,
      "y": -0.1,
      "z": 0.0
    },
    "backPersonOffset": {
      "x": 0.0,
      "y": 0.0,
      "z": 0.0
    },
    "thirdPersonScale": 0.8
  },
  "aim": {
    "rotateHipPosition": {
      "x": 0.0,
      "y": 0.0,
      "z": 0.0
    },
    "translateHipPosition": {
      "x": -0.08,
      "y": -0.03,
      "z": 0.0
    },
    "rotateAimPosition": {
      "x": 0.0,
      "y": 0.0,
      "z": 0.0
    },
    "translateAimPosition": {
      "x": 0.15,
      "y": 0.0,
      "z": 0.0
    }
  },
  "attachments": {
    "aimPointMap": {
      "prototype.acog_scope": [
        {
          "x": 0.4,
          "y": -0.9,
          "z": 0.0
        },
        {
          "x": 0.0,
          "y": 0.0,
          "z": 0.0
        }
      ],
      "prototype.docter_sight": [
        {
          "x": 0.4,
          "y": -0.7,
          "z": 0.0
        },
        {
          "x": 0.0,
          "y": 0.0,
          "z": 0.0
        }
      ],
      "prototype.long_scope": [
        {
          "x": 0.0,
          "y": -0.88,
          "z": 0.0
        },
        {
          "x": 0.0,
          "y": 0.0,
          "z": 0.0
        }
      ]
    },
    "positionPointMap": {
      "prototype.acog_scope": [
        {
          "x": 1.6,
          "y": 0.0,
          "z": 0.0
        },
        {
          "x": 0.0,
          "y": 0.0,
          "z": 0.0
        }
      ],
      "prototype.docter_sight": [
        {
          "x": 0.8,
          "y": 0.0,
          "z": 0.0
        },
        {
          "x": 0.0,
          "y": 0.0,
          "z": 0.0
        }
      ],
      "prototype.long_scope": [
        {
          "x": 0.0,
          "y": 0.0,
          "z": 0.0
        },
        {
          "x": 0.0,
          "y": 0.0,
          "z": 0.0
        }
      ]
    }
  },
  "bolt": {
    "boltRotation": 0.0,
    "boltRotationPoint": {
      "x": 0.0,
      "y": 0.0,
      "z": 0.0
    },
    "pumpHandleDistance": 0.2,
    "chargeModifier": {
      "x": 0.2,
      "y": 0,
      "z": 0
    }
  },
  "itemFrame": {
    "translate": {
      "x": 0.0,
      "y": 0.0,
      "z": 0.0
    }
  },
  "extra": {
    "translateAll": {
      "x": 0,
      "y": 0,
      "z": 0
    },
    "reloadAnimation": "sniper",
    "modelScale": 1.2,
    "gunOffsetScoping": 0.0,
    "crouchZoom": -0.05,
    "adsSpeed": 0.07,
    "gunSlideDistance": 0.1,
    "modelRecoilBackwards": 0.15,
    "modelRecoilUpwards": 1.0,
    "modelRecoilShake": 0.5
  }
}