{
    "internalName": "prototype.mg42",
    "displayName": "MG42",
    "weaponType": "carbine",
    "customFlashTexture": "prototype.advanced.flash",
    "gunDamage": 9,
    "gunDamageHeadshotBonus": 2,
    "roundsPerMin": 500,
    "allowEmptyMagazines": true,
    "recoilPitch": 5,
    "recoilYaw": 1.5,
    "randomRecoilPitch": 0.0,
    "randomRecoilYaw": 0.5,
    "bulletSpread": 1,
    "accuracySneakFactor": 0.5,
    "moveSpeedModifier": 0.85,
    "allowSprintFiring": true,
    "fireModes": [
        "full",
        "semi"
    ],
    "acceptedAmmo": [
        "prototype.mg42ammo"
    ],
    "dropBulletCasing": true,
    "shellEjectOffsetNormal": {
        "x": -1,
        "y": 0,
        "z": 1
    },
    "shellEjectOffsetAiming": {
        "x": -0.2,
        "y": 0.12,
        "z": 0.5
    },
    "weaponSoundMap": {
        "weaponFire": [
            {
                "soundEvent": "weaponFire",
                "soundName": "prototype.mg42.shoot",
                "soundNameDistant": "prototype.mg42.shoot.distant",
                "soundRange": 64,
                "soundMaxRange": 96,
                "soundFadeMultiplier": 1
            }
        ],
        "weaponUnload": [
            {
                "soundEvent": "weaponReload",
                "soundName": "prototype.generic.reload"
            }
        ],
        "weaponFireSuppressed": [
            {
                "soundEvent": "weaponFireSuppressed",
                "soundName": "prototype.mg42.shoot.sup",
                "soundRange": 30,
                "soundMaxRange": 60,
                "soundFadeMultiplier": 1
            }
        ]
    },
    "modelSkins": [
        {
            "internalName": "prototype.mg42",
            "skinAsset": "prototype.mg42",
            "displayName": "Default",
            "textures": ["basic"]
        }
    ]
}