{
    "internalName": "tcp.deagle",
    "displayName": "Tutorial Deagle",
    "weaponType": "pistol",
	"animationType": "enhanced",
    "customFlashTexture":"prototype.advanced.flash",
	
    "gunDamage": 8,
	"gunDamageHeadshotBonus": 2,
    "roundsPerMin": 350,
	
    
    "recoilPitch": 2.2,
    "recoilYaw": 0.4,
    "randomRecoilPitch": 0.0,
    "randomRecoilYaw": 0.5,
    "armPose": "ITEM",
    "armPoseAiming": "BOW_AND_ARROW",
    "accuracySneakFactor": 0.75,
	
	"modifyUnloadBullets": 0,
	
    "moveSpeedModifier": 1,
    "allowSprintFiring": true,
	
	"allowReloadFiring": true,
	"allowReloadSprint": true,
	"allowFiringSprint": true,
	"allowAimingSprint": true,
	
    "fireModes": [
        "semi"
    ],
    "acceptedAmmo": [
        "tcp.deagleammo"
    ],
	"allowEmptyMagazines": true,
	
    "dropBulletCasing": true,
    "shellEjectOffsetNormal": {
        "x": -1,
        "y": 0,
        "z": 1
    },
    "shellEjectOffsetAiming": {
        "x": -0.2,
        "y": 0.12,
        "z": 0.5
    },
    "weaponSoundMap": {
        "weaponFire": [
            {
                "soundEvent": "weaponFire",
                "soundName": "cloud.siz_bg_deagle_shoot1_tcp",
                "soundNameDistant": "omw.fiveseven.distant",
                "soundRange": 64,
                "soundMaxRange": 96,
                "soundFadeMultiplier": 1
            }
        ]
    },
    "acceptedAttachments": {
        "sight": [
            "tcp.sight_reddot"
        ]
    },
    "modelSkins": [
        {
            "internalName": "tcp.deagle",
            "skinAsset": "deagle",
            "displayName": "Default",
            "textures": ["basic","specular","normal"]
        }
    ]
}