{
  "modelFileName": "taurus.obj",
  "arms": {
    "leftHandAmmo": true,
    "actionArm": "Left",
    "leftArm": {
      "armScale": {
        "x": 0.8,
        "y": 1,
        "z": 0.8
      },
      "armPos": {
        "x": -0.4,
        "y": -1.0,
        "z": 0.12
      },
      "armRot": {
        "x": 75.0,
        "y": 15.0,
        "z": -45.0
      },
      "armReloadPos": {
        "x": -0.4,
        "y": -0.9,
        "z": 0.12
      },
      "armReloadRot": {
        "x": 75.0,
        "y": 15.0,
        "z": -45.0
      },
      "armChargePos": {
        "x": -0.4,
        "y": -0.85,
        "z": 0.12
      },
      "armChargeRot": {
        "x": 75.0,
        "y": 15.0,
        "z": -45.0
      }
    },
    "rightArm": {
      "armScale": {
        "x": 0.8,
        "y": 1,
        "z": 0.8
      },
      "armPos": {
        "x": 0.42,
        "y": -0.695,
        "z": 0.0
      },
      "armRot": {
        "x": 0.0,
        "y": 0.0,
        "z": -90.0
      },
      "armReloadPos": {
        "x": 0.42,
        "y": -0.695,
        "z": 0.0
      },
      "armReloadRot": {
        "x": 0.0,
        "y": 0.0,
        "z": -90.0
      }
    }
  },
  "sprint": {
    "sprintRotate": {
      "x": -20.0,
      "y": 30.0,
      "z": -0.0
    },
    "sprintTranslate": {
      "x": 0.5,
      "y": -0.15,
      "z": -0.65
    }
  },
  "thirdPerson": {
    "thirdPersonOffset": {
      "x": -0.2,
      "y": -0.15,
      "z": 0.05
    },
    "backPersonOffset": {
      "x": 0.0,
      "y": 0.0,
      "z": 0.0
    },
    "thirdPersonScale": 0.8
  },
  "aim": {
    "rotateHipPosition": {
      "x": 0.0,
      "y": 0.0,
      "z": 0.0
    },
    "translateHipPosition": {
      "x": 0.0,
      "y": 0.0,
      "z": 0.0
    },
    "rotateAimPosition": {
      "x": 0.0,
      "y": 0.0,
      "z": 0.0
    },
    "translateAimPosition": {
      "x": 0.0,
      "y": 0.01,
      "z": 0.0
    }
  },
  "attachments": {
    "scopeIsOnSlide": true,
    "attachmentPointMap": {
      "barrel": [
        {
          "x": -0.01,
          "y": 0.005,
          "z": 0.0
        },
        {
          "x": 0.0,
          "y": 0.0,
          "z": 0.0
        }
      ],
      "sight": [
        {
          "x": 0.0,
          "y": 0.0,
          "z": 0.0
        },
        {
          "x": 0.0,
          "y": 0.0,
          "z": 0.0
        }
      ]
    }
  },
  "hammerAction": {
    "hammerRotationPoint": {
      "x": -1.9,
      "y": -0.66492,
      "z": 0.0
    }
  },

  "revolverBarrel": {
    "cylinderOriginPoint": {
      "x": -0.44758,
      "y": -0.70199,
      "z": -0.013717
    },
    "cylinderReloadTranslation": {
      "x": 0.0,
      "y": -0.15,
      "z": -0.77
    },
    "numberBullets": 6
  },
  "itemFrame": {
    "translate": {
      "x": 2.0,
      "y": 0.0,
      "z": 0.0
    }
  },
  "extra": {
    "translateAll": {
      "x": 0.0,
      "y": 0.3,
      "z": 0.0
    },
    "modelScale": 1.3,
    "reloadAnimation": "revolver",
    "chargeHandleDistance": 0.04,
    "gunOffsetScoping": 0.0,
    "crouchZoom": -0.1,
    "adsSpeed": 0.07,
    "gunSlideDistance": 0.04,
    "modelRecoilBackwards": 0.2,
    "modelRecoilUpwards": 15.0,
    "modelRecoilShake": 3.0
  }
}